{
  "tracks": [
    {
      "artist": "Murda",
      "album": "BABA",
      "track": "Favela",
      "uri": "spotify:track:6xo25koGghvozILyHwuOle"
    },
    {
      "artist": "Jay.f.k beats",
      "album": "Bully",
      "track": "Bully",
      "uri": "spotify:track:70AW6eFZVMWdqhc8DRgoPw"
    },
    {
      "artist": "Tyga",
      "album": "MAMACITA",
      "track": "MAMACITA",
      "uri": "spotify:track:51wFQM8W0YfXTmHusXUr5i"
    },
    {
      "artist": "Tory Lanez",
      "album": "Alone At Prom",
      "track": "The Color Violet",
      "uri": "spotify:track:3azJifCSqg9fRij2yKIbWz"
    },
    {
      "artist": "Masked Wolf",
      "album": "Astronaut In The Ocean",
      "track": "Astronaut In The Ocean",
      "uri": "spotify:track:3Ofmpyhv5UAQ70mENzB277"
    },
    {
      "artist": "UZ",
      "album": "Awakening",
      "track": "Awakening",
      "uri": "spotify:track:0Q0YA3JpF5MiMcpnMzTgyE"
    },
    {
      "artist": "Anfa Rose",
      "album": "Mermaids",
      "track": "Casa",
      "uri": "spotify:track:5wr3CiNDw7KUlR0yoIKeNu"
    },
    {
      "artist": "UZI",
      "album": "Kan",
      "track": "Umrumda Değil",
      "uri": "spotify:track:72t3CRd8YEFrlc3x0OVaob"
    },
    {
      "artist": "Young T & Bugsey",
      "album": "Don't Rush",
      "track": "Don't Rush - Remix",
      "uri": "spotify:track:4ltz90zE6hPqE12EGHDMDu"
    },
    {
      "artist": "Desiigner",
      "album": "Tiimmy Turner",
      "track": "Tiimmy Turner",
      "uri": "spotify:track:3NJG6vMH1ZsectZkocMEm0"
    },
    {
      "artist": "Kanye West",
      "album": "JESUS IS KING",
      "track": "Use This Gospel",
      "uri": "spotify:track:0oPOuDmmkVp3h6puekhs6P"
    },
    {
      "artist": "Södermalm",
      "album": "Catania",
      "track": "Catania",
      "uri": "spotify:track:5t8ya2Qx7Xc6bG53piXMYY"
    },
    {
      "artist": "GASHI",
      "album": "Upset",
      "track": "Upset",
      "uri": "spotify:track:4y5KpfyXBEzSiKoUqTc9kq"
    },
    {
      "artist": "2 Chainz",
      "album": "Rap Or Go To The League",
      "track": "Momma I Hit A Lick (feat. Kendrick Lamar)",
      "uri": "spotify:track:7jKUnzzOGhAlPjr7LkIUlE"
    },
    {
      "artist": "Ahiyan",
      "album": "Kurtulmak",
      "track": "Kurtulmak",
      "uri": "spotify:track:6k50tRetgOa4F1HKccuDVO"
    },
    {
      "artist": "2Scratch",
      "album": "Shotta",
      "track": "Shotta",
      "uri": "spotify:track:6QKonPHf3efpnrKzlHA7jv"
    },
    {
      "artist": "Jeremih",
      "album": "All About You",
      "track": "Down On Me",
      "uri": "spotify:track:0x3TibRgnSqzkcwrqBd4iX"
    },
    {
      "artist": "The Chainsmokers",
      "album": "Memories...Do Not Open",
      "track": "It Won't Kill Ya",
      "uri": "spotify:track:5xhJmd0I15jFcEdqxfCzKk"
    },
    {
      "artist": "Kanye West",
      "album": "The College Dropout",
      "track": "Through The Wire",
      "uri": "spotify:track:4mmkhcEm1Ljy1U9nwtsxUo"
    },
    {
      "artist": "KIDS SEE GHOSTS",
      "album": "KIDS SEE GHOSTS",
      "track": "4th Dimension",
      "uri": "spotify:track:6JyEh4kl9DLwmSAoNDRn5b"
    },
    {
      "artist": "David Guetta",
      "album": "Flames",
      "track": "Flames",
      "uri": "spotify:track:33IOhptvC2Qoy2UhjiHXLV"
    },
    {
      "artist": "LOVE SICK",
      "album": "No Sleep",
      "track": "Fever",
      "uri": "spotify:track:3GU10N2fDlGkAxzoG7dntp"
    },
    {
      "artist": "Cimón",
      "album": "Final Destination",
      "track": "Final Destination",
      "uri": "spotify:track:0IEe1XhEn8C0uxf8xHlZUv"
    },
    {
      "artist": "Dennis Lloyd",
      "album": "Meditation",
      "track": "Meditation",
      "uri": "spotify:track:2N2d32K3p3m3K2dLImFOSH"
    },
    {
      "artist": "MadeinTYO",
      "album": "You Are Forgiven",
      "track": "I Want (feat. 2 Chainz)",
      "uri": "spotify:track:1NMYfyq8eE4qUCj2SXvrJd"
    },
    {
      "artist": "No.1",
      "album": "Sen Kötü Bir Rüyasın",
      "track": "Junkie Jumping",
      "uri": "spotify:track:2WYQlwHtXNqkJov5fDAllo"
    },
    {
      "artist": "Sheff G",
      "album": "Tip Toe",
      "track": "Tip Toe",
      "uri": "spotify:track:6ZPU73akrp4hU6Ua2jSjtI"
    },
    {
      "artist": "Chetta",
      "album": "Chetta Compilation",
      "track": "Ashes 2 Ashes (feat. Scrim)",
      "uri": "spotify:track:2qe8pu3kqgs0I45f6fLeFw"
    },
    {
      "artist": "T-Wayne",
      "album": "Nasty Freestyle",
      "track": "Nasty Freestyle",
      "uri": "spotify:track:0PT7nlpo11hYYyfnBgtilT"
    },
    {
      "artist": "2 Chainz",
      "album": "TrapAvelli Tre",
      "track": "Lapdance In The Trap House",
      "uri": "spotify:track:1ltHCfTFUsQyjJntmet3ip"
    },
    {
      "artist": "169",
      "album": "SYNC",
      "track": "Respect",
      "uri": "spotify:track:2kb7cuwo7tL9CyPkO3g00J"
    },
    {
      "artist": "Lox Chatterbox",
      "album": "How To Live Forever",
      "track": "Filthy",
      "uri": "spotify:track:4BWzNzIMamLJ27oKuBRfKe"
    },
    {
      "artist": "J-Kwon",
      "album": "Hood Hop",
      "track": "Tipsy - Club Mix",
      "uri": "spotify:track:0jSMveIWvnhDIvzqN74Uc7"
    },
    {
      "artist": "Frauble",
      "album": "Memories",
      "track": "Memories",
      "uri": "spotify:track:79K265g8aRrl98igAjOE0L"
    },
    {
      "artist": "The Away Days",
      "album": "Your Colour",
      "track": "Your Colour",
      "uri": "spotify:track:09E9HH77tUFrpFeK67NGoz"
    },
    {
      "artist": "Swedish House Mafia",
      "album": "Paradise Again",
      "track": "Redlight",
      "uri": "spotify:track:48Jf12YHPBCAfAzi255Rvr"
    },
    {
      "artist": "Gucci Mane",
      "album": "Wake Up in the Sky",
      "track": "Wake Up in the Sky",
      "uri": "spotify:track:0QIjsbm2fh1cJ45XO9eGqq"
    },
    {
      "artist": "JONY",
      "album": "Список твоих мыслей",
      "track": "Без тебя я не я",
      "uri": "spotify:track:2MX5LM5RFnYoFPRO3mehfG"
    },
    {
      "artist": "Murda",
      "album": "We Doen Ons Best",
      "track": "Ca$hout",
      "uri": "spotify:track:5A8IQXXClv9gWdghClheaE"
    },
    {
      "artist": "Fornicras",
      "album": "Rush",
      "track": "Rush",
      "uri": "spotify:track:2KXQ5XJSGBTIr3XHyymwmR"
    },
    {
      "artist": "Ace Hood",
      "album": "Mr. Hood",
      "track": "Popovitch",
      "uri": "spotify:track:6YAgKfxxK7xXHpavOoQsmF"
    },
    {
      "artist": "Unaverage Gang",
      "album": "Chernobyl",
      "track": "Chernobyl",
      "uri": "spotify:track:5sH7vJ3shCpWGpsHMjwkfN"
    },
    {
      "artist": "Post Malone",
      "album": "Hollywood's Bleeding",
      "track": "Take What You Want (feat. Ozzy Osbourne & Travis Scott)",
      "uri": "spotify:track:7CZyCXKG6d5ALeq41sLzbw"
    },
    {
      "artist": "Zigan Aldi",
      "album": "Hella EP",
      "track": "Hella feat. Joy Tyson",
      "uri": "spotify:track:3huk8B1aNp9txmknHOzsq2"
    },
    {
      "artist": "Bazzi",
      "album": "Young & Alive",
      "track": "Young & Alive",
      "uri": "spotify:track:5RsKelNxucrDxgMbZ3vd3W"
    },
    {
      "artist": "Sleepy Hallow",
      "album": "Deep End Freestyle",
      "track": "Deep End Freestyle",
      "uri": "spotify:track:4zTPYAf5scZdp0LnwPPeWK"
    },
    {
      "artist": "Patron",
      "album": "Haset",
      "track": "Boş Ol",
      "uri": "spotify:track:56JVz479SqE5H1cALLxrY6"
    },
    {
      "artist": "Cigarettes After Sex",
      "album": "Cigarettes After Sex",
      "track": "Opera House",
      "uri": "spotify:track:0syIc2ocYBIKASFqifvwRz"
    },
    {
      "artist": "Murda",
      "album": "Made In Turkey",
      "track": "Ter",
      "uri": "spotify:track:2QK98pcgx3QQEByN2qmsKa"
    },
    {
      "artist": "Jorja Smith",
      "album": "By Any Means",
      "track": "By Any Means",
      "uri": "spotify:track:2UWnZrXLXIyfMgNvJr2KUa"
    },
    {
      "artist": "Arctic Monkeys",
      "album": "Suck It and See",
      "track": "Don't Sit Down 'Cause I've Moved Your Chair",
      "uri": "spotify:track:3czdA0j4iaLDJJCoT5D8iP"
    },
    {
      "artist": "Khalid",
      "album": "Eleven (feat. Summer Walker)",
      "track": "Eleven (feat. Summer Walker)",
      "uri": "spotify:track:18O00Y7yrkJ0pRXm1n21Og"
    },
    {
      "artist": "SOMMA",
      "album": "I Don't Wanna Know",
      "track": "I Don't Wanna Know",
      "uri": "spotify:track:0YnHCIk1Ppy7FIzdvjspts"
    },
    {
      "artist": "Aramis",
      "album": "21 GIRLS",
      "track": "21 GIRLS",
      "uri": "spotify:track:4lGTe7eoZ9qx8GzHlqAezg"
    },
    {
      "artist": "BLR",
      "album": "Take Me Higher",
      "track": "Take Me Higher",
      "uri": "spotify:track:5RrhrF2WdWsFexwj7LXHvr"
    },
    {
      "artist": "GXLDmine",
      "album": "Dumba",
      "track": "Dumba",
      "uri": "spotify:track:7LrnNrJdYUGDpuZj7EVVTF"
    },
    {
      "artist": "Patron",
      "album": "Slam Dunk",
      "track": "Slam Dunk",
      "uri": "spotify:track:5TOgswBE98S73QjS9KniDY"
    },
    {
      "artist": "Lele Pons",
      "album": "Celoso",
      "track": "Celoso",
      "uri": "spotify:track:33zcmmElV1YbRZe57biUjg"
    },
    {
      "artist": "Tiësto",
      "album": "The Business",
      "track": "The Business",
      "uri": "spotify:track:6f3Slt0GbA2bPZlz0aIFXN"
    },
    {
      "artist": "Slider & Magnit",
      "album": "Dzin Dzin",
      "track": "Dzin Dzin",
      "uri": "spotify:track:60Y75Mdy5d1cjK33tiL5up"
    },
    {
      "artist": "Kelvyn Colt",
      "album": "Love before Death",
      "track": "Benz | I Know",
      "uri": "spotify:track:1akOlzc6Y8Zv8vSSfUxWoZ"
    },
    {
      "artist": "Curtis Waters",
      "album": "Stunnin' (feat. Harm Franklin)",
      "track": "Stunnin' (feat. Harm Franklin)",
      "uri": "spotify:track:2D0dj3hVkRQJCp63cxCPEx"
    },
    {
      "artist": "Dynoro",
      "album": "Hangover",
      "track": "Hangover",
      "uri": "spotify:track:38ec90xq2fKFMRJJahgnYX"
    },
    {
      "artist": "Missy Elliott",
      "album": "The Cookbook",
      "track": "Lose Control (feat. Ciara & Fat Man Scoop)",
      "uri": "spotify:track:0UaMYEvWZi0ZqiDOoHU3YI"
    },
    {
      "artist": "Jaden",
      "album": "CTV2",
      "track": "PCH",
      "uri": "spotify:track:3Ju7HGke5GYEXUJ3YWGOry"
    },
    {
      "artist": "Skeler",
      "album": "Eyes on Fire (Skeler Remix)",
      "track": "Eyes on Fire (Skeler Remix) - Re-Recorded",
      "uri": "spotify:track:6A75pX3nASqJ3o9IFFO8vA"
    },
    {
      "artist": "Polo & Pan",
      "album": "Cyclorama",
      "track": "Ani Kuni - Edit",
      "uri": "spotify:track:0Ae5IeIdyaIzp43cdXXtZc"
    },
    {
      "artist": "DJ-Z!",
      "album": "Wait and See (Extended)",
      "track": "Hit or Miss",
      "uri": "spotify:track:6o1h2fkQ7IUcmAeNEZNbUR"
    },
    {
      "artist": "Gaullin",
      "album": "Sweater Weather",
      "track": "Sweater Weather",
      "uri": "spotify:track:6siDDghVE7fxel5o7fE4OF"
    },
    {
      "artist": "Prince of Falls",
      "album": "Till We Feel Something",
      "track": "I Felt Nothing",
      "uri": "spotify:track:7aDtncONHeoXQqZoieo1rE"
    },
    {
      "artist": "John Legend",
      "album": "Bigger Love",
      "track": "Conversations in the Dark",
      "uri": "spotify:track:0QjQC8sGqxUkaJFBsJjtGm"
    },
    {
      "artist": "Monii",
      "album": "So Far So Good",
      "track": "Money",
      "uri": "spotify:track:1fZ2JCMX7eaqLBT8vSmalU"
    },
    {
      "artist": "21 Savage",
      "album": "Savage Mode",
      "track": "Real Nigga",
      "uri": "spotify:track:5V57eUQoTrMCZqonhzi8B9"
    },
    {
      "artist": "2Scratch",
      "album": "Bleed",
      "track": "Bleed",
      "uri": "spotify:track:6YP0iQPHIVyXGXBjZOcNMf"
    },
    {
      "artist": "$kinny",
      "album": "Thank You For Nothing",
      "track": "Never Snitch",
      "uri": "spotify:track:7pFTpiYeSCfkmLeERh21M7"
    },
    {
      "artist": "Vivaswan",
      "album": "Whatever It Cost",
      "track": "Whatever It Cost",
      "uri": "spotify:track:6BceMeNOaGrVRAZHKjfFYG"
    },
    {
      "artist": "Drew The Kiiid",
      "album": "iiintro.",
      "track": "knievel stunts.",
      "uri": "spotify:track:1qIiu8HIKM3FZ85teZZADY"
    },
    {
      "artist": "Doanro",
      "album": "Miraj",
      "track": "Miraj",
      "uri": "spotify:track:657atzFFbgoyr2KQNrhv7O"
    },
    {
      "artist": "Boombox Cartel",
      "album": "NEW WIP",
      "track": "NEW WIP",
      "uri": "spotify:track:6rv93pYJSTtReQIuwcCYvm"
    },
    {
      "artist": "Night Lovell",
      "album": "Concept Vague",
      "track": "Dark Light",
      "uri": "spotify:track:7Cye3UbCA6UNuDykdCf3AB"
    },
    {
      "artist": "Soulja Boy",
      "album": "The DeAndre Way",
      "track": "Pretty Boy Swag",
      "uri": "spotify:track:2zOWuWdyuMqOoboNRKlJO0"
    },
    {
      "artist": "Dennis Lloyd",
      "album": "Unfaithful",
      "track": "Unfaithful",
      "uri": "spotify:track:0koVWDcbAH9dJXOsOcaohF"
    },
    {
      "artist": "Regard",
      "album": "Ride It",
      "track": "Ride It",
      "uri": "spotify:track:2tnVG71enUj33Ic2nFN6kZ"
    },
    {
      "artist": "Moneybagg Yo",
      "album": "U Played (feat. Lil Baby)",
      "track": "U Played (feat. Lil Baby)",
      "uri": "spotify:track:3yD2LWeCCFu7ybBO3lwbXM"
    },
    {
      "artist": "Diddy",
      "album": "Press Play",
      "track": "Come to Me (feat. Nicole Scherzinger)",
      "uri": "spotify:track:6yuvC80FcnVJNvC0DbXN9e"
    },
    {
      "artist": "070 Shake",
      "album": "Skin and Bones",
      "track": "Skin and Bones",
      "uri": "spotify:track:6slWOE0SO6HjBH0fNd13YB"
    },
    {
      "artist": "Emvafaya",
      "album": "Bolingo Nanga (feat. Bibi Den’s Tshibayi)",
      "track": "Bolingo Nanga (feat. Bibi Den’s Tshibayi) - Nitefreak Remix",
      "uri": "spotify:track:4NXoWBdrMtTz8R4G2NpnAo"
    },
    {
      "artist": "Mala Rodríguez",
      "album": "Aguante",
      "track": "Aguante",
      "uri": "spotify:track:6yAVpD4Xat92lPlv5VMc7S"
    },
    {
      "artist": "Black Eyed Peas",
      "album": "RITMO (Bad Boys For Life)",
      "track": "RITMO (Bad Boys For Life)",
      "uri": "spotify:track:6cy3ki60hLwimwIje7tALf"
    },
    {
      "artist": "SAINt JHN",
      "album": "Just For Me",
      "track": "Just For Me (with SZA) - Space Jam: A New Legacy",
      "uri": "spotify:track:3B5yl01KF06NkYG39BdTBa"
    },
    {
      "artist": "Party Favor",
      "album": "Layers",
      "track": "Wasabi",
      "uri": "spotify:track:0m1F05fy6JmrTrJShFHPm4"
    },
    {
      "artist": "Machine Gun Kelly",
      "album": "General Admission",
      "track": "Till I Die",
      "uri": "spotify:track:7rq7HvZrCie7MmiGm8pUVC"
    },
    {
      "artist": "Drake",
      "album": "Scary Hours 2",
      "track": "Wants and Needs (feat. Lil Baby)",
      "uri": "spotify:track:65OVbaJR5O1RmwOQx0875b"
    },
    {
      "artist": "Don Toliver",
      "album": "Drugs N Hella Melodies (feat. Kali Uchis)",
      "track": "Drugs N Hella Melodies (feat. Kali Uchis)",
      "uri": "spotify:track:3Bi3ws3uigvFSmfTcSLjnp"
    },
    {
      "artist": "Night Lovell",
      "album": "Fukk CodeRED",
      "track": "Fukk CodeRED",
      "uri": "spotify:track:47LtrwHsvdLMwViA88E3mY"
    },
    {
      "artist": "Monolink",
      "album": "Return to Oz",
      "track": "Return to Oz - ARTBAT Remix",
      "uri": "spotify:track:0gwNGHcBRYtF7mvgUczVo1"
    },
    {
      "artist": "League of Legends",
      "album": "Legends Never Die",
      "track": "Legends Never Die",
      "uri": "spotify:track:1FpVJ7HpZInE2GvhVE2TwT"
    },
    {
      "artist": "Lizzo",
      "album": "Cuz I Love You",
      "track": "Juice",
      "uri": "spotify:track:0k664IuFwVP557Gnx7RhIl"
    },
    {
      "artist": "Meek Mill",
      "album": "Wins & Losses",
      "track": "Wins & Losses",
      "uri": "spotify:track:2sBHQfX9QxJwGcdutAj6Pj"
    },
    {
      "artist": "Doja Cat",
      "album": "Boss Bitch",
      "track": "Boss Bitch",
      "uri": "spotify:track:78qd8dvwea0Gosb6Fe6j3k"
    },
    {
      "artist": "RÜFÜS DU SOL",
      "album": "Surrender",
      "track": "Always",
      "uri": "spotify:track:56jH9iqA8f2kwaoK8103hu"
    },
    {
      "artist": "Loud Luxury",
      "album": "Body",
      "track": "Body - Dzeko Remix",
      "uri": "spotify:track:4RgDgaohkG08f630ZT9QKc"
    },
    {
      "artist": "Andy Mineo",
      "album": "Coming In Hot",
      "track": "Coming In Hot",
      "uri": "spotify:track:1kVYXfxTWSftIZtmYr6yH8"
    },
    {
      "artist": "2Scratch",
      "album": "Fallen Soul",
      "track": "Fallen Soul",
      "uri": "spotify:track:1U63hvJOAtgV2Gnx81TxzC"
    },
    {
      "artist": "MEDUZA",
      "album": "Lose Control",
      "track": "Lose Control",
      "uri": "spotify:track:7CHi4DtfK4heMlQaudCuHK"
    },
    {
      "artist": "Velet",
      "album": "Hara Lo",
      "track": "Hara Lo",
      "uri": "spotify:track:1GulVS8W5pbciPKQsBoosC"
    },
    {
      "artist": "Eazy-E",
      "album": "Eazy-Duz- It/5150 Home 4 Tha Sick (World)",
      "track": "Boyz-N-The-Hood - Remix;",
      "uri": "spotify:track:1o9WXGGhLzMiWeKzWocjmL"
    },
    {
      "artist": "Diaz Dizzy",
      "album": "Yakıyorken Gemileri",
      "track": "Yakıyorken Gemileri",
      "uri": "spotify:track:4bziQnHjxf9WbbnZztGYPC"
    },
    {
      "artist": "SAINt JHN",
      "album": "Roses",
      "track": "Roses - Imanbek Remix",
      "uri": "spotify:track:1B9q3WuC4HAtBUSTRVOkYH"
    },
    {
      "artist": "Maceo Plex",
      "album": "Solitary Daze",
      "track": "Solitary Daze",
      "uri": "spotify:track:7vqcDtNvoJn5pXhktc8qe8"
    },
    {
      "artist": "Parra for Cuva",
      "album": "Paspatou",
      "track": "Paspatou",
      "uri": "spotify:track:4NpPKFIQXU3ZrlcG7T6PTT"
    },
    {
      "artist": "Ali Bakgor",
      "album": "Ocean",
      "track": "Ocean",
      "uri": "spotify:track:4CG6FT2H1OnTmrTVchkqWj"
    },
    {
      "artist": "Erica Banks",
      "album": "Buss It",
      "track": "Buss It",
      "uri": "spotify:track:78xj07VVFK5uHTaGPIu13S"
    },
    {
      "artist": "Ilkay Sencan",
      "album": "No Maybes",
      "track": "No Maybes",
      "uri": "spotify:track:1nYbbqZEses2erZhEuwJu0"
    },
    {
      "artist": "Klone",
      "album": "Yonder",
      "track": "Yonder",
      "uri": "spotify:track:6ORWPNIEmo78ohwOZbsOtP"
    },
    {
      "artist": "Ceg",
      "album": "DMT",
      "track": "Ölümün Kuzeni",
      "uri": "spotify:track:2BWjJ4Tv26am2QSzwRpQRk"
    },
    {
      "artist": "S-X",
      "album": "True Colours",
      "track": "Always Wrong",
      "uri": "spotify:track:6AW4JcZNf86zERJHoVyr3b"
    },
    {
      "artist": "Metro Boomin",
      "album": "19 & Boomin",
      "track": "Metro Boomin Interlude",
      "uri": "spotify:track:0NkVMeTGNFixQBr7SHmoBl"
    },
    {
      "artist": "Steve Aoki",
      "album": "Send It",
      "track": "Send It",
      "uri": "spotify:track:2GXOmuU3kApsq2TWqOU5Bm"
    },
    {
      "artist": "Meek Mill",
      "album": "DC4",
      "track": "Blue Notes",
      "uri": "spotify:track:7Gs3otHnZDq514kFHf0nx7"
    },
    {
      "artist": "Don Toliver",
      "album": "No Idea",
      "track": "No Idea",
      "uri": "spotify:track:3VyjsVV24RmBIbWJAeUJNu"
    },
    {
      "artist": "Alexcis",
      "album": "I Hate You To The Moon & Back",
      "track": "Chico (feat. Wiz Khalifa & Kap G)",
      "uri": "spotify:track:39cyYJtB3TMyCSedqoIjRz"
    },
    {
      "artist": "Vio",
      "album": "Rolex",
      "track": "Rolex",
      "uri": "spotify:track:1MZIydHIHwrlDGeoJ0Ccx8"
    },
    {
      "artist": "Justin Stone",
      "album": "Next",
      "track": "Next",
      "uri": "spotify:track:53CEZJTdOWC4QROJxHkLdl"
    },
    {
      "artist": "Ludacris",
      "album": "Ludaversal",
      "track": "Call Ya Bluff",
      "uri": "spotify:track:6lykNKnjBUTQ1pmL5LhB7R"
    },
    {
      "artist": "Logic",
      "album": "Uncle Drew (Original Motion Picture Soundtrack)",
      "track": "Ballin",
      "uri": "spotify:track:17N5FdRwJuv3UXQ7MHnbhF"
    },
    {
      "artist": "Hardwell",
      "album": "Bella Ciao",
      "track": "Bella Ciao",
      "uri": "spotify:track:1geovaCdfs5fSa4NNgFPVe"
    },
    {
      "artist": "Black Caviar",
      "album": "El Camino",
      "track": "El Camino",
      "uri": "spotify:track:5UUqlmt2e0wNioe94eGWaF"
    },
    {
      "artist": "Travis Scott",
      "album": "ESCAPE PLAN / MAFIA",
      "track": "ESCAPE PLAN",
      "uri": "spotify:track:4R67rQNSbbsR4TdUVOIdez"
    },
    {
      "artist": "Motive",
      "album": "Mektup",
      "track": "Mektup",
      "uri": "spotify:track:3V2K2UzQeNNF5VnbDiIUKj"
    },
    {
      "artist": "Tones And I",
      "album": "Ur So F**kInG cOoL",
      "track": "Ur So F**kInG cOoL",
      "uri": "spotify:track:7A9rdAz2M6AjRwOa34jxIP"
    },
    {
      "artist": "NGHTMRE",
      "album": "Man’s First Inhibition",
      "track": "Man's First Inhibition",
      "uri": "spotify:track:21UoRIOIjkWdHU8xbxQ0Z7"
    },
    {
      "artist": "Akros",
      "album": "Red Lights",
      "track": "Red Lights",
      "uri": "spotify:track:3wvQpMYS9e1fOr4CPAUXvl"
    },
    {
      "artist": "Regard",
      "album": "Secrets",
      "track": "Secrets",
      "uri": "spotify:track:66W1rVTnEv86dIkFhoiElg"
    },
    {
      "artist": "The Chainsmokers",
      "album": "World War Joy",
      "track": "Family",
      "uri": "spotify:track:3TKpJrY9q49Mj1JOsM9zGL"
    },
    {
      "artist": "Ally Brooke",
      "album": "Higher",
      "track": "Higher",
      "uri": "spotify:track:7E0UqLtjH5ipLhkX3bCCuK"
    },
    {
      "artist": "Khaled",
      "album": "Delali",
      "track": "Delali",
      "uri": "spotify:track:1yGPoS9sQvB8TPfa2wEv9w"
    },
    {
      "artist": "Deepforever",
      "album": "Count on You",
      "track": "Count on You - Radio Edit",
      "uri": "spotify:track:5A4pNmmcfFB32I7Bcw8ieL"
    },
    {
      "artist": "Jack Harlow",
      "album": "Come Home The Kids Miss You",
      "track": "Dua Lipa",
      "uri": "spotify:track:0LnS7aOdOdI1dNKZqdOLz4"
    },
    {
      "artist": "Kanye West",
      "album": "Late Registration",
      "track": "Gold Digger",
      "uri": "spotify:track:5XJJdNPkwmbUwE79gv0NxK"
    },
    {
      "artist": "YBN Nahmir",
      "album": "2 Seater (feat. G-Eazy & Offset)",
      "track": "2 Seater (feat. G-Eazy & Offset)",
      "uri": "spotify:track:57lEOoQ3Szzy1xbF89JBWR"
    },
    {
      "artist": "Sofía Reyes",
      "album": "1, 2, 3 (feat. Jason Derulo & De La Ghetto)",
      "track": "1, 2, 3 (feat. Jason Derulo & De La Ghetto)",
      "uri": "spotify:track:4QtiVmuA88tPQiCOHZuQ5b"
    },
    {
      "artist": "2Scratch",
      "album": "Dubai Vibez",
      "track": "Dubai Vibez",
      "uri": "spotify:track:15DpiGmG2YZ9g2LCKjZT5v"
    },
    {
      "artist": "Arizona Zervas",
      "album": "ROXANNE",
      "track": "ROXANNE",
      "uri": "spotify:track:696DnlkuDOXcMAnKlTgXXK"
    },
    {
      "artist": "LIONAIRE",
      "album": "Tha Vinci",
      "track": "Fourthy Six",
      "uri": "spotify:track:1TkKRN0nuTlRWUmrvzKRkd"
    },
    {
      "artist": "Indila",
      "album": "Parle à ta tête",
      "track": "Parle à ta tête",
      "uri": "spotify:track:3lTGqzJbMYDHXbqeV8pt7d"
    },
    {
      "artist": "Major Lazer",
      "album": "Make It Hot",
      "track": "Make It Hot",
      "uri": "spotify:track:3MH4Qwn0qcUvzzqKSLdcnd"
    },
    {
      "artist": "Juice WRLD",
      "album": "Righteous",
      "track": "Righteous",
      "uri": "spotify:track:0OyQns5ayNK2OVaES0Vb8t"
    },
    {
      "artist": "Stormzy",
      "album": "Own It (feat. Ed Sheeran & Burna Boy)",
      "track": "Own It (feat. Ed Sheeran & Burna Boy)",
      "uri": "spotify:track:07s9NNOT0sZQp7TyolLLgu"
    },
    {
      "artist": "R Plus",
      "album": "Love Will Tear Us Apart",
      "track": "Love Will Tear Us Apart - Tensnake Remix",
      "uri": "spotify:track:51NcW3cfbdI0FLsD8dgXAq"
    },
    {
      "artist": "Rae Sremmurd",
      "album": "SremmLife",
      "track": "Come Get Her",
      "uri": "spotify:track:1Ser4X0TKttOvo8bgdytTP"
    },
    {
      "artist": "Kanye West",
      "album": "H•A•M",
      "track": "H•A•M - Edited Version",
      "uri": "spotify:track:41LH0K1z1aydjGuqwckzF2"
    },
    {
      "artist": "Saweetie",
      "album": "Tap In",
      "track": "Tap In",
      "uri": "spotify:track:4Hpib09wXgD84w4uwTPnYD"
    },
    {
      "artist": "Aaryan Shah",
      "album": "To the Ends",
      "track": "To the Ends",
      "uri": "spotify:track:4bQGs0xWTdQ1R1eZZqHXyH"
    },
    {
      "artist": "Tyga",
      "album": "Do My Dance",
      "track": "Do My Dance",
      "uri": "spotify:track:7Hk12JkCFwLO4s1jRGBS6s"
    },
    {
      "artist": "Amelie Martinez",
      "album": "Alive",
      "track": "Alive",
      "uri": "spotify:track:66mbVp2DyEK47K8eqTeiWs"
    },
    {
      "artist": "Ty Dolla $ign",
      "album": "Ego Death (feat. Kanye West, FKA twigs & Skrillex)",
      "track": "Ego Death (feat. Kanye West, FKA twigs & Skrillex)",
      "uri": "spotify:track:4JB0EAT4BkLShTyTt50FmO"
    },
    {
      "artist": "Fat Joe",
      "album": "All The Way Up (Remix) (feat. French Montana & Infared) - Single",
      "track": "All The Way Up (Remix)",
      "uri": "spotify:track:2AYTGaclgKXACh13nJRVcV"
    },
    {
      "artist": "Logic",
      "album": "YSIV",
      "track": "ICONIC (ft. Jaden Smith)",
      "uri": "spotify:track:1FmdAhS8FqRoEJ4jcSfuKZ"
    },
    {
      "artist": "Bausa",
      "album": "Biturbo",
      "track": "Biturbo",
      "uri": "spotify:track:6mh1ErQFwTq8aCZMbPoKWj"
    },
    {
      "artist": "Trap City",
      "album": "Trap & Bass",
      "track": "Tomorrowland House - EDM Mix",
      "uri": "spotify:track:51rMxalSRg7b47Fl8SfW1M"
    },
    {
      "artist": "Eminem",
      "album": "Music To Be Murdered By",
      "track": "Godzilla (feat. Juice WRLD)",
      "uri": "spotify:track:7FIWs0pqAYbP91WWM0vlTQ"
    },
    {
      "artist": "GASHI",
      "album": "GASHI",
      "track": "Used To Be",
      "uri": "spotify:track:3L8GHliBtJqaXVszRaVfMT"
    },
    {
      "artist": "Madcon",
      "album": "Here Comes The Weekend",
      "track": "Beggin'",
      "uri": "spotify:track:7563lpbP10g7JXJvSt9FGf"
    },
    {
      "artist": "G-Eazy",
      "album": "B-Sides",
      "track": "Got A Check (feat. ALLBLACK & Offset Jim)",
      "uri": "spotify:track:6GEH35NKoeqMnDmT37YmHg"
    },
    {
      "artist": "Eminem",
      "album": "Kamikaze",
      "track": "Lucky You (feat. Joyner Lucas)",
      "uri": "spotify:track:60SdxE8apGAxMiRrpbmLY0"
    },
    {
      "artist": "Kanye West",
      "album": "Nah Nah Nah (feat. DaBaby & 2 Chainz)",
      "track": "Nah Nah Nah (feat. DaBaby & 2 Chainz) - Remix",
      "uri": "spotify:track:20m8ZHA6Jevqo1xnhQffQu"
    },
    {
      "artist": "Lia Shine",
      "album": "Ben Gibi Bakmaz",
      "track": "Ben Gibi Bakmaz",
      "uri": "spotify:track:3QWpTf2VIdELYUUiKJAXlI"
    },
    {
      "artist": "2Scratch",
      "album": "Midsummer Nights",
      "track": "Midsummer Nights",
      "uri": "spotify:track:406tx5ICuE3usLUDK8Ukg2"
    },
    {
      "artist": "2 Chainz",
      "album": "Based On A T.R.U. Story",
      "track": "Birthday Song",
      "uri": "spotify:track:4lYNAMcsDInBmFuR0FaRcD"
    }
  ],
  "albums": [
    {
      "artist": "Ufo361",
      "album": "Lights Out",
      "uri": "spotify:album:6DkWC425pAikMNKmNDnlJ8"
    },
    {
      "artist": "Metro Boomin",
      "album": "NOT ALL HEROES WEAR CAPES",
      "uri": "spotify:album:3IO8IPjwXuzPJnoaqkwYrj"
    },
    {
      "artist": "Ilkan Gunuc",
      "album": "My Name Is Tokyo",
      "uri": "spotify:album:46xD9eLKb1BeoIvB6vkw7v"
    },
    {
      "artist": "Fred again..",
      "album": "Turn On The Lights again.. (feat. Future)",
      "uri": "spotify:album:2jiMeC1iUWVYmvXSIiO8ks"
    },
    {
      "artist": "2Scratch",
      "album": "No Mercy",
      "uri": "spotify:album:1ELnQlAHeAPFGV2OuXpuL1"
    }
  ],
  "shows": [
  ],
  "episodes": [
  ],
  "bannedTracks": [
  ],
  "artists": [
    {
      "name": "Polo & Pan",
      "uri": "spotify:artist:45yEuthJ9yq1rNXAOpBnqM"
    },
    {
      "name": "Space Motion",
      "uri": "spotify:artist:1k7iyyK6j5IJzF0cUMcaGY"
    },
    {
      "name": "Travis Scott",
      "uri": "spotify:artist:0Y5tJX1MQlPlqiwlOH1tJY"
    }
  ],
  "bannedArtists": [
  ],
  "other": [
  ]
}